{
  "both": {
    "threshold": 0.15000000000000002,
    "f1": 0.17540322580645162
  },
  "crackle": {
    "threshold": 0.25,
    "f1": 0.5303176130895092
  },
  "normal": {
    "threshold": 0.35000000000000003,
    "f1": 0.8803792851932896
  },
  "wheeze": {
    "threshold": 0.25,
    "f1": 0.514817950889077
  }
}